DonViId,TenDonVi,DiaChi,Website,MoTa,ChuongTrinh,ChuSoHuu,LaChiNhanh,TinhTrang,GVVN,GVNN,HoatDong,LoaiQuyetDinh,QuyetDinhSo
79,"Công ty Trách nhiệm hữu hạn Kết Nối Học Tập
","219 bis, đường Nguyễn Thị Minh Khai, phường Nguyễn Cư Trinh Quận 1 Thành Phố Hồ Chí Minh",www.studylink.org,None,None,"Nguyễn Hồng Hà
",0,Đang hoạt động,None,None,Ngoài nhà trường,Quyết Định Thành Lập,"4247
"
80,"Công ty Trách nhiệm hữu hạn Việt Uy Tín
","63, đường Phạm Ngọc Thạch, Phường 6 Quận 3 Thành Phố Hồ Chí Minh",None,None,None,"Nguyễn Văn Khải
",0,Đang hoạt động,None,None,Ngoài nhà trường,Quyết Định Thành Lập,"4246
"
81,"Công ty Trách nhiệm hữu hạn Giáo Dục
","144, phố Đội Cấn, phường Đội Cấn, quận Ba Đình, thành phố Hà Nội
 Quận Ba Đình Thành Phố Hà Nội",www.tec.edu.vn,None,None,"Phan Thị Hồng Phương
",0,Đang hoạt động,None,None,Ngoài nhà trường,Quyết Định Thành Lập,"4290
"
82,"Công ty Trách nhiệm hữu hạn Một thành viên Phát triển giáo dục Com-Pa
","07, đường Trần Quốc Thảo, Phường 6 Quận 3 Thành Phố Hồ Chí Minh",www.compass.edu.vn ,None,None,"Huỳnh Minh Khôi
",0,Đang hoạt động,None,None,Ngoài nhà trường,Quyết Định Thành Lập,"4593
"
83,"Công ty Trách nhiệm hữu hạn Giáo dục và Đào tạo Sakura
","288, đường Nam Kỳ Khởi Nghĩa, Phường 6 Quận 3 Thành Phố Hồ Chí Minh",www.compass.edu.vn ,None,None,"Huỳnh Minh Khôi
",0,Đang hoạt động,None,None,Ngoài nhà trường,Quyết Định Thành Lập,"4837
"
84,"Công ty Trách nhiệm hữu hạn Apax Franklin Academy
","Tầng 4, Tòa tháp A, Tòa nhà Sky City Tower, số 88 Láng Hạ, phường Láng Hạ, quận Đống Đa, thành phố Hà Nội Quận Đống Đa Thành Phố Hà Nội",None,None,None,"Vũ My Lan
",0,Đang hoạt động,None,None,Ngoài nhà trường,Quyết Định Thành Lập,None
85,"Công ty Trách nhiệm hữu hạn Quốc tế INSTULINK
","498/8, đường Nguyễn Văn Công, Phường 3 Quận Gò Vấp Thành Phố Hồ Chí Minh",None,None,None,"Nguyễn Thị Dương Huyền
",0,Đang hoạt động,None,None,Ngoài nhà trường,Quyết Định Thành Lập,"4419
"
86,"Công ty Trách nhiệm hữu hạn Tư vấn và giải pháp Giáo Dục Việt Đức
","261, đường Thích Quảng Đức, Phường 4 Quận Phú Nhuận Thành Phố Hồ Chí Minh",www.tuvanvietduc.edu.vn,None,None,"Ngô Lệ Thủy
",0,Đang hoạt động,None,None,Ngoài nhà trường,Quyết Định Thành Lập,"4592
"
87,"Công ty Trách nhiệm hữu hạn Truyền thông và Giáo dục Quốc tế Edunet 
"," 2-4-6, đường Huỳnh Thúc Kháng, phường Bến Nghé Quận 1 Thành Phố Hồ Chí Minh",None,None,None,"Nguyễn Quốc Anh
",0,Đang hoạt động,None,None,Ngoài nhà trường,Quyết Định Thành Lập,None
88,"Công  ty TNHH MTV Thương mại và Hợp tác Giáo dục Mỹ Việt
","Phòng 512, tòa nhà Deacha, 360 Kim Mã Quận Ba Đình Thành Phố Hà Nội",None,None,None,"Nguyễn Thị Lệ Dung
",0,Đang hoạt động,None,None,Ngoài nhà trường,Quyết Định Thành Lập,None
89,"Công ty TNHH ISSILLO
","502 Đỗ Xuân Hợp, phường Phước Bình Quận 9 Thành Phố Hồ Chí Minh",None,None,None,"Nguyễn Thị Thùy Tiên
",0,Đang hoạt động,None,None,Ngoài nhà trường,Quyết Định Thành Lập,306
90,"Công ty Cổ phần Giáo dục và Năng lượng Đông Đô
","1014 đừơng Hương Lộ 2, Khu phố 6, phường Bình Trị Đông A Quận Bình Tân Thành Phố Hồ Chí Minh",dongdogroup.vn,None,None,"Quách Đình Đô
",0,Đang hoạt động,None,None,Ngoài nhà trường,Quyết Định Thành Lập,307
91,"Công ty Cổ phần Golden Path Academics Việt Nam - chi nhánh Miền Nam
","150B, Lê thị Hồng Gấm, phường Cầu Ông Lãnh Quận 1 Thành Phố Hồ Chí Minh",None,None,None,"Lương Thị Hoàng Lê
",0,Đang hoạt động,None,None,Ngoài nhà trường,Quyết Định Thành Lập,526
92,"Công ty Cổ phần Hợp Điểm
","số 31/1A Trần Khánh Dư, phường Tân Định Quận 1 Thành Phố Hồ Chí Minh",www.vietnamhopdiem.edu.vn,None,None,"Trần Hữu Phúc Tiến
",0,Đang hoạt động,None,None,Ngoài nhà trường,Quyết Định Thành Lập,None
93,"Công ty Cổ phần Giáo dục Quốc tế Minh Thiện
","Lầu 1, số 91 Pasteur, phường Bến Nghé Quận 1 Thành Phố Hồ Chí Minh",duhoccmt.edu.vn,None,None,"Tống Thị Thủy Tiên
",0,Đang hoạt động,None,None,Ngoài nhà trường,Quyết Định Thành Lập,"309
"
94,"Công ty Cổ phần TMS Du Học
","Tầng 3, tòa nhà Vimeco, Lô E9, đường Phạm Hùng, phường Trung Hòa Quận Cầu Giấy Thành Phố Hà Nội",None,None,None,"Trần Văn Nguyên Lý Sơn
",0,Đang hoạt động,None,None,Ngoài nhà trường,Quyết Định Thành Lập,None
95,"Công ty TNHH Dream Works
","383 Võ Văn Tần, Phường 5 Quận 3 Thành Phố Hồ Chí Minh",None,None,None,"Lê Thị Kim Loan
",0,Đang hoạt động,None,None,Ngoài nhà trường,Quyết Định Thành Lập,208
96,"Công ty TNHH Cung ứng Lao động MEKONG
","63A Bờ Bao Tân Thắng, phường Sơn Kỳ Quận Tân Phú Thành Phố Hồ Chí Minh",None,None,None,"Lý Ngọc Diệp
",0,Đang hoạt động,None,None,Ngoài nhà trường,Quyết Định Thành Lập,"207
"
97,"Công ty TNHH Giáo dục Quốc Tế Khánh Dương
","03.OT11 Tòa nhà Cen tral 3, Vinhomes Central Park – số 208 đường Nguyễn Hữu Cảnh, Phường 22 Quận Bình Thạnh Thành Phố Hồ Chí Minh",None,None,None,"Bùi Xuân Dương
",0,Đang hoạt động,None,None,Ngoài nhà trường,Quyết Định Thành Lập,"239
"
98,"Công ty TNHH CRIMSON EDUCATION
","Lầu 6 tòa nhà văn phòng Beta Tower, số 55 Nam Kỳ Khởi Nghĩa, phường Nguyễn Thái Bình Quận 1 Thành Phố Hồ Chí Minh",crimsoneducation.org,None,None,"Trần Mai Phương
",0,Đang hoạt động,None,None,Ngoài nhà trường,Quyết Định Thành Lập,"338
"
99,"Công ty TNHH SEICHO
","18-20, đường số 5, khu dân cư Him Lam, phường Tân Hưng Quận 7 Thành Phố Hồ Chí Minh",None,None,None,"ông UENO RYOSUKE
",0,Đang hoạt động,None,None,Ngoài nhà trường,Quyết Định Thành Lập,"203
"
100,"Công ty TNHH Thương mại Dịch vụ và Đào tạo Ngoại ngữ Tin học Redbook
","215 Bạch Đằng, Phường 15 Quận Bình Thạnh Thành Phố Hồ Chí Minh",None,None,None,"Nguyễn Hồng Thư
",0,Đang hoạt động,None,None,Ngoài nhà trường,Quyết Định Thành Lập,"760
"
101,"Công ty Cổ phần Giáo dục Vietint
","số 27, đường Nguyễn Trường Tộ, phường Nguyễn Trung Trực Quận Ba Đình Thành Phố Hà Nội",None,None,None,"Nguyễn Thị Hồng Điệp
",0,Đang hoạt động,None,None,Ngoài nhà trường,Quyết Định Thành Lập,None
102,"Công ty Cổ phần Tư vấn du học Coneff Việt Nam
","19, đường Bà Huyện Thanh Quan, Phường 9 Quận 3 Thành Phố Hồ Chí Minh",None,None,None,"Trần Thanh Thụy Nam Phương
",0,Đang hoạt động,None,None,Ngoài nhà trường,Quyết Định Thành Lập,"1978/GDĐT-TC
"
103,"Công ty Trách nhiệm hữu hạn Care Education
","90/1 Trần Khắc Chân, Phường 9 Quận Phú Nhuận Thành Phố Hồ Chí Minh",None,None,None,"Nguyễn Thị Thủy
",0,Đang hoạt động,None,None,Ngoài nhà trường,Quyết Định Thành Lập,"1887/GDĐT-TC
"
104,"Công ty Trách nhiệm hữu hạn API Learning Sapiens
"," 05, đường Quách Văn Tuấn, Phường 12 Quận Tân Bình Thành Phố Hồ Chí Minh",None,None,None,"ông Jang Sihwan
",0,Đang hoạt động,None,None,Ngoài nhà trường,Quyết Định Thành Lập,"1888/GDĐT-TC
"
108,"Công ty Trách nhiệm hữu hạn Tư vấn du học Thúy Nguyễn
","34, đường 11A, phường An Phú Quận 2 Thành Phố Hồ Chí Minh",None,None,None,"Nguyễn Thị Diễm Thúy
",0,Đang hoạt động,None,None,Ngoài nhà trường,Quyết Định Thành Lập,"2103/GDĐT-TC
"
109,"Công ty Cổ phần Đào tạo và Đầu tư Giáo dục Minh Việt
","14/1, đường Trần Khắc Chân, phường Tân Định Quận 1 Thành Phố Hồ Chí Minh",None,None,None,"Trần Quốc Trung
",0,Đang hoạt động,None,None,Ngoài nhà trường,Quyết Định Thành Lập,None
110,"Công ty Trách nhiệm hữu hạn Tư vấn giáo dục Quốc tế ALT
","11A, dường Phan Chu Trinh, Phường 2 Quận Bình Thạnh Thành Phố Hồ Chí Minh",None,None,None,"Nguyễn Thị Việt An
",0,Đang hoạt động,None,None,Ngoài nhà trường,Quyết Định Thành Lập,"2097/GDĐT-TC
"
111,"Công ty TNHH Tư vấn Giáo dục và Đào tạo Quốc tế Phương Anh
","Phòng 301-302, số 23, đường Lê Quý Đôn, Phường 6 Quận 3 Thành Phố Hồ Chí Minh",None,None,None,"Nguyễn Thị Diệu
",0,Đang hoạt động,None,None,Ngoài nhà trường,Quyết Định Thành Lập,None
112,"Công ty TNHH Một Thành viên PSC
","107 A-B, đường Ngô Quyền, Phường 11 Quận 5 Thành Phố Hồ Chí Minh",None,None,None,"Nguyễn Thị Thúy Ngọc
",0,Đang hoạt động,None,None,Ngoài nhà trường,Quyết Định Thành Lập,"2432/GDĐT-TC
"
113,"Công ty Cổ phần ITM Thành phố Hồ Chí Minh
","298A-300A, đường Nguyễn Tất Thành, Phường 13 Quận 4 Thành Phố Hồ Chí Minh",None,None,None,"Lưu Danh Tuyến
",0,Đang hoạt động,None,None,Ngoài nhà trường,Quyết Định Thành Lập,None
114,"Công ty TNHH Tư vấn du học AOA
","99, đường Nguyễn Bỉnh Khiêm, phường Đa Kao Quận 1 Thành Phố Hồ Chí Minh",None,None,None,"Huỳnh Nghĩa Trí
",0,Đang hoạt động,None,None,Ngoài nhà trường,Quyết Định Thành Lập,"2430/GDĐT-TC
"
115,"Công ty TNHH Ni Hao
","207/15, đường Ba Tháng Hai, Phường 11 Quận 10 Thành Phố Hồ Chí Minh",None,None,None,"Giáp Văn Đạo
",0,Đang hoạt động,None,None,Ngoài nhà trường,Quyết Định Thành Lập,"2431/GDĐT-TC
"
509,Trung tâm hợp tác Châu Âu Trường Đại học Tôn Đức Thắng,"Phòng A0001, Trường Đại học Tôn Đức Thắng, số 19 đường Nguyễn Hữu Thọ, Phường Tân Phong Quận 7 Thành Phố Hồ Chí Minh",None,None,None,None,0,Đang hoạt động,None,None,Ngoài nhà trường,Quyết Định Thành Lập,"24
"
510,KNOCK EDUCATION CONSULTING CO.LTD,"85/2B Trần Kế Xương, Phường 7 Quận Phú Nhuận Thành Phố Hồ Chí Minh",None,None,None,None,0,Đang hoạt động,None,None,Ngoài nhà trường,Quyết Định Thành Lập,577
511,Công ty CP Dịch vụ Giáo dục Trí Đức,"1333A Thoại Ngọc Hầu, Phường Hòa Thạnh Quận Tân Phú Thành Phố Hồ Chí Minh",None,None,None,None,0,Đang hoạt động,None,None,Ngoài nhà trường,Quyết Định Thành Lập,1025
512,"Công ty TNHH Quốc Anh I.E.C
","86 Sương Nguyệt Anh, Phường Bến Thành Quận 1 Thành Phố Hồ Chí Minh",None,None,None,None,0,Đang hoạt động,None,None,Ngoài nhà trường,Quyết Định Thành Lập,1040
513,"Trung tâm Tư vấn Giáo dục Quốc tế trường Đại học Ngoại thương Cơ sở II tại Thành phố Hồ Chí Minh
","15, đường số D5, Phường 25 Quận Bình Thạnh Thành Phố Hồ Chí Minh",None,None,None,None,0,Đang hoạt động,None,None,Ngoài nhà trường,Quyết Định Thành Lập,1203
514,"Công ty TNHH Nối kết Giáo dục
","439 Hoàng Văn Thụ, Phường 4 Quận Tân Bình Thành Phố Hồ Chí Minh",None,None,None,None,0,Đang hoạt động,None,None,Ngoài nhà trường,Quyết Định Thành Lập,600
515,"Công ty TNHH Tư vấn Giáo dục Mạng lưới Quốc tế
","138 Trần Nhân Tôn, Phường 2 Quận 10 Thành Phố Hồ Chí Minh",None,None,None,None,0,Đang hoạt động,None,None,Ngoài nhà trường,Quyết Định Thành Lập,599
516,"Trung tâm Tư vấn Du học Quốc tế Đông Dương Công ty CP Phát triển Giáo dục Quốc tế Đông Dương
","157 Lý Chính Thắng, Phường 7 Quận 3 Thành Phố Hồ Chí Minh",None,None,None,None,0,Đang hoạt động,None,None,Ngoài nhà trường,Quyết Định Thành Lập,800
517,"Công ty TNHH Phát triển Quốc tế
","40/19 Trần Quang Diệu, Phường 14 Quận 3 Thành Phố Hồ Chí Minh",None,None,None,None,0,Đang hoạt động,None,None,Ngoài nhà trường,Quyết Định Thành Lập,968
518,"Công ty TNHH Con đường Giáo dục
","68 Võ Thị Sáu, F. Tân Định Quận 1 Thành Phố Hồ Chí Minh",None,None,None,None,0,Đang hoạt động,None,None,Ngoài nhà trường,Quyết Định Thành Lập,969
519,"Công ty CP ISEE
","2 Phan Kế Bính, Phường Đa Kao Quận 1 Thành Phố Hồ Chí Minh",None,None,None,None,0,Đang hoạt động,None,None,Ngoài nhà trường,Quyết Định Thành Lập,999
520,"Công ty TNHH Tư vấn Du học Song Nguyên
","R4-92 Hưng Gia 2, Phú Mỹ Hưng, Phường Tân Phong Quận 7 Thành Phố Hồ Chí Minh",None,None,None,None,0,Đang hoạt động,None,None,Ngoài nhà trường,Quyết Định Thành Lập,1012
521,"Doanh nghiệp Tư nhân Dịch vụ - Tư vấn Phương Nguyên
","Lầu 7, Số 8, Nguyễn Huệ, F. Bến Nghé Quận 1 Thành Phố Hồ Chí Minh",None,None,None,None,0,Đang hoạt động,None,None,Ngoài nhà trường,Quyết Định Thành Lập,1070
522,"Công ty CP Tư vấn Giáo dục và Thương mại Tân Đại Dương
","Tầng 3, số 148/1, Trần Quang Khải, phường Tân Định Quận 1 Thành Phố Hồ Chí Minh",None,None,None,None,0,Đang hoạt động,None,None,Ngoài nhà trường,Quyết Định Thành Lập,1138
523,"Chi nhánh Công ty CP TNHH Tư vấn Du học và Dịch Thuật Đức Anh - Trung tâm Tư vấn Du học Đức Anh thuộc Công ty TNHH Tư vấn Du học và Dịch thuật Đức Anh
","420 Nguyễn Thị Minh Khai, Phường 5 Quận 3 Thành Phố Hồ Chí Minh","http://ducanhduhoc.vn/vi/trang-chu/
",None,None,None,0,Đang hoạt động,None,None,Ngoài nhà trường,Quyết Định Thành Lập,1155
524,"Công ty TNHH Tư vấn Dịch vụ Quang Việt
","36/7 Bình Giã, Phường 13 Quận Tân Bình Thành Phố Hồ Chí Minh",None,None,None,None,0,Đang hoạt động,None,None,Ngoài nhà trường,Quyết Định Thành Lập,1287
525,"Chi nhánh Công ty TNHH Capstone Việt Nam thuộc Công ty TNHH Capstone Việt Nam
","212 Huỳnh Văn Bánh, Phường 12 Quận Phú Nhuận Thành Phố Hồ Chí Minh",None,None,None,None,0,Đang hoạt động,None,None,Ngoài nhà trường,Quyết Định Thành Lập,1403
526,"Công ty TNHH Trường ngoại ngữ Dương Minh
","311 Hoàng Văn Thụ, Phường 2 Quận Tân Bình Thành Phố Hồ Chí Minh",None,None,None,None,0,Đang hoạt động,None,None,Ngoài nhà trường,Quyết Định Thành Lập,1491
527,"Công ty CP Trung tâm Anh ngữ AMA
","186 Nguyễn Thị Minh Khai, Phường 6 Quận 3 Thành Phố Hồ Chí Minh",None,None,None,None,0,Đang hoạt động,None,None,Ngoài nhà trường,Quyết Định Thành Lập,1492
528,"Công ty TNHH Avenue To Success
","Phòng L01, Tầng lửng, Tòa nhà Itaxa, số 126 Nguyễn Thị Minh Khai, Phường 6 Quận 3 Thành Phố Hồ Chí Minh",None,None,None,None,0,Đang hoạt động,None,None,Ngoài nhà trường,Quyết Định Thành Lập,1532
529,"Công ty TNHH HAT
","443 Nguyễn Kiệm, Phường 9 Quận Phú Nhuận Thành Phố Hồ Chí Minh",None,None,None,None,0,Đang hoạt động,None,None,Ngoài nhà trường,Quyết Định Thành Lập,1533
530,"Công ty TNHH Một thành viên A.E&T
","121/15 Lê Thị Riêng, Phường Bến Thành Quận 1 Thành Phố Hồ Chí Minh",None,None,None,None,0,Đang hoạt động,None,None,Ngoài nhà trường,Quyết Định Thành Lập,1639
531,"Công ty TNHH Dịch vụ Tư vấn Giáo dục và Đào tạo S.E.T
","115 Đặng Dung, Phường Tân Định Quận 1 Thành Phố Hồ Chí Minh",None,None,None,None,0,Đang hoạt động,None,None,Ngoài nhà trường,Quyết Định Thành Lập,1741
532,"Công ty TNHH Du học Đại Đăng Quang
","185-187 Hoàng Văn Thụ, Phường 8 Quận Phú Nhuận Thành Phố Hồ Chí Minh",None,None,None,None,0,Đang hoạt động,None,None,Ngoài nhà trường,Quyết Định Thành Lập,1775
533,"Công ty TNHH Một thành viên OEC Toàn Cầu
","lầu 4, số 132-134 Điện Biên Phủ, Phường Đa Kao Quận 1 Thành Phố Hồ Chí Minh","http://www.oecglobal.com.vn/
",None,None,None,0,Đang hoạt động,None,None,Ngoài nhà trường,Quyết Định Thành Lập,1802
534,"Công ty TNHH Hợp Điểm
","34/1A Trần Khánh Dư, Phường Tân Định Quận 1 Thành Phố Hồ Chí Minh",None,None,None,None,0,Đang hoạt động,None,None,Ngoài nhà trường,Quyết Định Thành Lập,1803
535,"Công ty TNHH Liên kết Học thuật Quốc tế
","219 Bis Nguyễn Thị Minh Khai, Phường Nguyễn Cư Trinh Quận 2 Thành Phố Hồ Chí Minh","http://studylink.org/vi/
",None,None,None,0,Đang hoạt động,None,None,Ngoài nhà trường,Quyết Định Thành Lập,1857
536,"Công ty TNHH Tư vấn A.N.T
","554 Điện Biên Phủ, Phường 11 Quận 10 Thành Phố Hồ Chí Minh",None,None,None,None,0,Đang hoạt động,None,None,Ngoài nhà trường,Quyết Định Thành Lập,1858
537,"Công ty TNHH Ê Su Hai
","40/12-40/14 Ấp Bắc, Phường 13 Quận Tân Bình Thành Phố Hồ Chí Minh","http://www.esuhai.com/
",None,None,None,0,Đang hoạt động,None,None,Ngoài nhà trường,Quyết Định Thành Lập,1981
538,"Công ty TNHH Hoàn Cầu Việt
","11 đường C27, Phường 12 Quận Tân Bình Thành Phố Hồ Chí Minh",None,None,None,None,0,Đang hoạt động,None,None,Ngoài nhà trường,Quyết Định Thành Lập,1982
539,"Công ty TNHH Giáo dục IDP (Việt Nam)
","tầng 2 và Phòng C tầng trệt, tòa nhà Star Building, số 33 Ter- 33 Bis, đường Mạc Đĩnh Chi Quận 1 Thành Phố Hồ Chí Minh",None,None,None,None,0,Đang hoạt động,None,None,Ngoài nhà trường,Quyết Định Thành Lập,2022
540,"Công ty TNHH Hằng Lương
","1086 đường 3 tháng 2, Phường 12 Quận 11 Thành Phố Hồ Chí Minh",www.duhochangluong.edu.vn,None,None,None,0,Đang hoạt động,None,None,Ngoài nhà trường,Quyết Định Thành Lập,2024
541,"Công ty TNHH Tư vấn Du học Q&N
","155 Hai Bà Trưng, Phường 6 Quận 3 Thành Phố Hồ Chí Minh",None,None,None,None,0,Đang hoạt động,None,None,Ngoài nhà trường,Quyết Định Thành Lập,2025
542,"Công ty TNHH Giáo dục YCC
","65 Nguyễn Bỉnh Khiêm, Phường Đa Kao Quận 1 Thành Phố Hồ Chí Minh",None,None,None,None,0,Đang hoạt động,None,None,Ngoài nhà trường,Quyết Định Thành Lập,5
543,"Công ty TNHH Một thành viên Dịch vụ Lữ hành SaiGonTourist
","45 Lê Thánh Tôn, Phường Bến Nghé Quận 1 Thành Phố Hồ Chí Minh",None,None,None,None,0,Đang hoạt động,None,None,Ngoài nhà trường,Quyết Định Thành Lập,82
544,"Công ty TNHH Tư vấn và Tiếp thị Quốc tế
","753 Lê Hồng Phong (nối dài), Phường 12 Quận 10 Thành Phố Hồ Chí Minh","http://cmivnedu.com
",None,None,None,0,Đang hoạt động,None,None,Ngoài nhà trường,Quyết Định Thành Lập,94
545,"Công ty TNHH ILA Việt Nam
","146 Nguyễn Đình Chiểu, Phường 6 Quận 3 Thành Phố Hồ Chí Minh",None,None,None,None,0,Đang hoạt động,None,None,Ngoài nhà trường,Quyết Định Thành Lập,124
546,"Công ty TNHH Tư vấn Du học Toàn Thế giới
","25 Trần Thiện Chánh, Phường 12 Quận 10 Thành Phố Hồ Chí Minh","http://www.worldwide-edu.vn/lien-he.html
",None,None,None,0,Đang hoạt động,None,None,Ngoài nhà trường,Quyết Định Thành Lập,139
547,"Công ty TNHH Một thành viên Tư vấn du học Hoàn Vũ
","238-240-242 Hòa Hưng, Phường 13 Quận 10 Thành Phố Hồ Chí Minh","http://www.universalstudy.edu.vn/
",None,None,None,0,Đang hoạt động,None,None,Ngoài nhà trường,Quyết Định Thành Lập,170
548,"Công ty CP Liên hiệp Giáo dục
","21 Mai Thị Lựu, Phường Đa Kao Quận 1 Thành Phố Hồ Chí Minh","http://duhocue.edu.vn/
",None,None,None,0,Đang hoạt động,None,None,Ngoài nhà trường,Quyết Định Thành Lập,272
549,"Công ty TNHH Tư vấn Du học New World
","Tòa nhà SBC, lầu 7,  242 Cống Quỳnh, Phường Phạm Ngũ Lão Quận 1 Thành Phố Hồ Chí Minh","http://newworldedu.vn/
",None,None,None,0,Đang hoạt động,None,None,Ngoài nhà trường,Quyết Định Thành Lập,294
550,"Chi nhánh tại Thành phố Hồ Chí Minh - Công ty CP Quốc tế ICO thuộc Công ty CP Quốc tế ICO
"," 521 đường Lê Đức Thọ, Phường 16 Quận Gò Vấp Thành Phố Hồ Chí Minh",None,None,None,None,0,Đang hoạt động,None,None,Ngoài nhà trường,Quyết Định Thành Lập,295
551,"Công ty TNHH TYVY
","44A Đường 39, Phường Tân Quy Quận 7 Thành Phố Hồ Chí Minh",None,None,None,None,0,Đang hoạt động,None,None,Ngoài nhà trường,Quyết Định Thành Lập,296
552,"Công ty TNHH Liên kết Giáo dục Phú Hoàn Cầu
","53/9 Nguyễn Hồng Đào, Phường 14 Quận Tân Bình Thành Phố Hồ Chí Minh",None,None,None,None,0,Đang hoạt động,None,None,Ngoài nhà trường,Quyết Định Thành Lập,297
553,"Công ty TNHH Thương mại du lịch Liên Bang
","881 Trần Hưng Đạo, Phường 1 Quận 5 Thành Phố Hồ Chí Minh","http://lienbangtravel.com/
",None,None,None,0,Đang hoạt động,None,None,Ngoài nhà trường,Quyết Định Thành Lập,298
554,"Công ty TNHH Một thành viên Tư vấn Thương mại Dịch vụ Trí Tiến
","Lầu 6, Master Building, 41-43 Trần Cao Vân, Phường 6 Quận 3 Thành Phố Hồ Chí Minh",None,None,None,None,0,Đang hoạt động,None,None,Ngoài nhà trường,Quyết Định Thành Lập,322
555,"Công ty TNHH Tiếp cận Giáo dục Hoa Kỳ
","56-58-60 Hai Bà Trưng,  Phường Bến Nghé Quận 1 Thành Phố Hồ Chí Minh",None,None,None,None,0,Đang hoạt động,None,None,Ngoài nhà trường,Quyết Định Thành Lập,384
556,"Công ty TNHH Một thành viên Giáo dục Thế giới
","161 (lầu 5) Đồng Khởi, Phường Bến Nghé Quận 1 Thành Phố Hồ Chí Minh",None,None,None,None,0,Đang hoạt động,None,None,Ngoài nhà trường,Quyết Định Thành Lập,385
558,"Doanh nghiệp Tư nhân Tư vấn du học Du lịch Hải Thông
","23 Trần Hưng Đạo, Phường 6 Quận 5 Thành Phố Hồ Chí Minh","http://haithongedu.com.vn/index.php?view=trang_chu&lang=en
",None,None,None,0,Đang hoạt động,None,None,Ngoài nhà trường,Quyết Định Thành Lập,450
559,"Công ty TNHH Đầu tư và Tư vấn Giáo dục Quốc tế Đại Dương
","37 Nguyễn Chí Thanh, Phường 9 Quận 5 Thành Phố Hồ Chí Minh","http://www.duhocdaiduong.com/
",None,None,None,0,Đang hoạt động,None,None,Ngoài nhà trường,Quyết Định Thành Lập,539
560,"Công ty TNHH Trang Việt Anh
"," 85 Thành Mỹ, F.8, Q. Tân Bình (số cũ 170/171 Lạc Long Quân, Phường 8 Quận Tân Bình Thành Phố Hồ Chí Minh",None,None,None,None,0,Đang hoạt động,None,None,Ngoài nhà trường,Quyết Định Thành Lập,540
561,"Công ty TNHH Thương mại Minh Hoàng An
","38/20A Nguyễn Ngọc Cung, Phường 16 Quận 8 Thành Phố Hồ Chí Minh",None,None,None,None,0,Đang hoạt động,None,None,Ngoài nhà trường,Quyết Định Thành Lập,659
562,"Công ty TNHH Du học Du lịch Thương mại Dịch vụ Á Âu
","52 Trần Huy Liệu, Phường 12 Quận Phú Nhuận Thành Phố Hồ Chí Minh",None,None,None,None,0,Đang hoạt động,None,None,Ngoài nhà trường,Quyết Định Thành Lập,660
563,"Công ty CP Du học - Du lịch Tân Đăng Quang
","293 Huỳnh Văn Bánh, Phường 11 Quận Phú Nhuận Thành Phố Hồ Chí Minh","http://tandangquang.com/
",None,None,None,0,Đang hoạt động,None,None,Ngoài nhà trường,Quyết Định Thành Lập,808
564,"Công ty TNHH Nguyễn Uyên
","16/6 Phan Ngữ, Phường Đa Kao Quận 1 Thành Phố Hồ Chí Minh","http://nuvietnam.com/
",None,None,None,0,Đang hoạt động,None,None,Ngoài nhà trường,Quyết Định Thành Lập,809
565,"Công ty TNHH Đầu tư và Phát triển Giáo dục UniLink
","lầu 5, số 55-57 Nguyễn Văn Giai, Phường Đa Kao Quận 1 Thành Phố Hồ Chí Minh","http://unilink.edu.vn/
",None,None,None,0,Đang hoạt động,None,None,Ngoài nhà trường,Quyết Định Thành Lập,855
566,"Công ty TNHH EF Education First Việt Nam
","Tòa nhà Saigon Pavilion, số 53-55, đường Bà Huyện Thanh Quan, Phường 6 Quận 3 Thành Phố Hồ Chí Minh",None,None,None,None,0,Đang hoạt động,None,None,Ngoài nhà trường,Quyết Định Thành Lập,1099
567,"Công ty TNHH Một thành viên Tư vấn Giáo dục Canada
","170 Nam Kỳ Khởi Nghĩa, Phường 6 Quận 3 Thành Phố Hồ Chí Minh","http://vietnam.canada-edu.org/
",None,None,None,0,Đang hoạt động,None,None,Ngoài nhà trường,Quyết Định Thành Lập,1185
568,"Trung tâm Dạy nghề và Ngoại ngữ Forward TNHH
","83A Nguyễn Thái Bình, Phường 4 Quận Tân Bình Thành Phố Hồ Chí Minh",None,None,None,None,0,Đang hoạt động,None,None,Ngoài nhà trường,Quyết Định Thành Lập,1205
569,"Công ty CP thương mại Đức Tú
","158, đường Hồ Bá Kiện, Phường 15 Quận 10 Thành Phố Hồ Chí Minh","http://dtu.com.vn/
",None,None,None,0,Đang hoạt động,None,None,Ngoài nhà trường,Quyết Định Thành Lập,1283
570,"Công ty TNHH JP Hải Nam
","125/7, đường Lê Đức Thọ, Phường 17 Quận Gò Vấp Thành Phố Hồ Chí Minh",None,None,None,None,0,Đang hoạt động,None,None,Ngoài nhà trường,Quyết Định Thành Lập,1323
571,"Công ty TNHH Tư vấn Giáo dục Minh Nguyệt
","656/48-656/50, đường Cách Mạng Tháng Tám, Phường 11 Quận 3 Thành Phố Hồ Chí Minh","http://duhocminhnguyet.com/
",None,None,None,0,Đang hoạt động,None,None,Ngoài nhà trường,Quyết Định Thành Lập,1327
572,"Công ty TNHH Du học Liên Châu
","103, đường Vườn Chuối, Phường 4 Quận 3 Thành Phố Hồ Chí Minh","http://www.duhoclienchau.com/
",None,None,None,0,Đang hoạt động,None,None,Ngoài nhà trường,Quyết Định Thành Lập,1332
573,"Công ty TNHH Phát triển Giáo dục Đông Du
","43D/46, đường Hồ Văn Huê, Phường 9 Quận Phú Nhuận Thành Phố Hồ Chí Minh",www.dongdu.edu.vn,None,None,None,0,Đang hoạt động,None,None,Ngoài nhà trường,Quyết Định Thành Lập,1333
574,"Công ty TNHH Tư vấn Giáo dục Quốc tế T&N Sydney
","163, đường Điện Biên Phủ, Phường 15 Quận Bình Thạnh Thành Phố Hồ Chí Minh",None,None,None,None,0,Đang hoạt động,None,None,Ngoài nhà trường,Quyết Định Thành Lập,1413
575,"Công ty TNHH Giáo dục Thương mại Quốc tế Sài Gòn
","250, đường Tô Hiệu, Phường Hiệp Tân Quận Tân Phú Thành Phố Hồ Chí Minh",None,None,None,None,0,Đang hoạt động,None,None,Ngoài nhà trường,Quyết Định Thành Lập,1415
576,"Công ty TNHH Dịch vụ Hoàng Kim Phát
","57-59, đường Hồ Tùng Mậu, Phường Bến Nghé Quận 1 Thành Phố Hồ Chí Minh",None,None,None,None,0,Đang hoạt động,None,None,Ngoài nhà trường,Quyết Định Thành Lập,1416
577,"Công ty TNHH Dịch vụ và Đào tạo Kết Nối Toàn Cầu
","6B, đường Tú Xương, Phường 7 Quận 3 Thành Phố Hồ Chí Minh",None,None,None,None,0,Đang hoạt động,None,None,Ngoài nhà trường,Quyết Định Thành Lập,1417
578,"Công ty TNHH Đào tạo và Dịch vụ Tầm Nhìn Mới
","16, đường Đinh Tiên Hoàng, Phường 1 Quận Bình Thạnh Thành Phố Hồ Chí Minh",None,None,None,None,0,Đang hoạt động,None,None,Ngoài nhà trường,Quyết Định Thành Lập,"1422
"
579,"Công ty TNHH Một thành viên Đại Thiên Sơn
","339/79A Lê Văn Sỹ, Phường 13 Quận 3 Thành Phố Hồ Chí Minh","http://www.daithienson.com
",None,None,None,0,Đang hoạt động,None,None,Ngoài nhà trường,Quyết Định Thành Lập,1423
580,"Công ty TNHH Quốc tế Unistart Education
","59B, đường Nguyễn Văn Thủ, Phường Đa Kao Quận 1 Thành Phố Hồ Chí Minh",None,None,None,None,0,Đang hoạt động,None,None,Ngoài nhà trường,Quyết Định Thành Lập,1504
581,"Công ty TNHH Tư vấn Dịch vụ Thương mại AMV
","Lầu 6, Tòa nhà IDD, số 111 Lý Chính Thắng, Phường 7 Quận 3 Thành Phố Hồ Chí Minh",None,None,None,None,0,Đang hoạt động,None,None,Ngoài nhà trường,Quyết Định Thành Lập,1796
582,"Công ty TNHH Một thành viên Dịch vụ Chuông Xanh
","286/12, đường Tô Hiến Thành, Phường 15 Quận 10 Thành Phố Hồ Chí Minh",None,None,None,None,0,Đang hoạt động,None,None,Ngoài nhà trường,Quyết Định Thành Lập,1797
583,"Công ty TNHH Truyền thông Giáo dục Hòa Bình
","B22/8C, đường Bạch Đằng, Phường 2 Quận Tân Bình Thành Phố Hồ Chí Minh","http://duhochoabinh.com
",None,None,None,0,Đang hoạt động,None,None,Ngoài nhà trường,Quyết Định Thành Lập,1798
584,"Công ty CP Tư vấn Du học - Đào tạo Huấn Nghệ
","141C, đường Đặng Văn Ngữ, Phường 14 Quận Phú Nhuận Thành Phố Hồ Chí Minh","http://huannghe.com/
",None,None,None,0,Đang hoạt động,None,None,Ngoài nhà trường,Quyết Định Thành Lập,1799
585,"Công ty TNHH Tư vấn Đào tạo Hy Vọng
","12, đường Hoa Phượng, Phường 2 Quận Phú Nhuận Thành Phố Hồ Chí Minh",info@hopeco.edu.vn,None,None,None,0,Đang hoạt động,None,None,Ngoài nhà trường,Quyết Định Thành Lập,1800
586,"Công ty TNHH Tư vấn và Giáo dục Echigo
","3/57, đường Thành Thái, Phường 14 Quận 10 Thành Phố Hồ Chí Minh","http://www.echigo.edu.vn/
",None,None,None,0,Đang hoạt động,None,None,Ngoài nhà trường,Quyết Định Thành Lập,1849
587,"Công ty CP Tư vấn Giáo dục và Đào tạo Nhân lực Lions
"," 01, đường Phan Huy Chú, Phường Bình Thọ Quận Thủ Đức Thành Phố Hồ Chí Minh",None,None,None,None,0,Đang hoạt động,None,None,Ngoài nhà trường,Quyết Định Thành Lập,1850
588,"Công ty TNHH Tài chánh - Thương mại - Du học - Du lịch Thái Bình Dương
"," 57, đường Hồ Văn Huê, Phường 9 Quận Phú Nhuận Thành Phố Hồ Chí Minh",pacific-ocean@hcm.fpt.vn,None,None,None,0,Đang hoạt động,None,None,Ngoài nhà trường,Quyết Định Thành Lập,1959
589,"Công ty TNHH Giải pháp Đào tạo Chất lượng
","86, đường Phạm Viết Chánh, Phường 19 Quận Bình Thạnh Thành Phố Hồ Chí Minh",None,None,None,None,0,Đang hoạt động,None,None,Ngoài nhà trường,Quyết Định Thành Lập,206
590,"Công ty TNHH Du lịch Quốc tế Việt Nhật
","49/83B, đường Trần Kế Xương, Phường 7 Quận Phú Nhuận Thành Phố Hồ Chí Minh",None,None,None,None,0,Đang hoạt động,None,None,Ngoài nhà trường,Quyết Định Thành Lập,207
591,"Công ty TNHH Tư vấn Chất lượng VJQC
","63, đường Nguyễn Thái Bình, Phường 4 Quận Tân Bình Thành Phố Hồ Chí Minh",None,None,None,None,0,Đang hoạt động,None,None,Ngoài nhà trường,Quyết Định Thành Lập,208
592,"Công ty TNHH Du học Quốc tế Hồng Hà
","31/3/5, đường Lê Văn Sỹ, Phường 13 Quận 3 Thành Phố Hồ Chí Minh",None,None,None,None,0,Đang hoạt động,None,None,Ngoài nhà trường,Quyết Định Thành Lập,209
593,"Công ty TNHH Thương mại Dịch vụ Tư vấn The AVSS Việt Nam
","99, đường Nguyễn Bỉnh Khiêm, Phường Đa Kao Quận 1 Thành Phố Hồ Chí Minh",None,None,None,None,0,Đang hoạt động,None,None,Ngoài nhà trường,Quyết Định Thành Lập,210
594,"Công ty TNHH Thương mại Dịch vụ Trung Phương
","59/3, đường Thuận Kiều, Phường Tân Thới Nhất Quận 12 Thành Phố Hồ Chí Minh",None,None,None,None,0,Đang hoạt động,None,None,Ngoài nhà trường,Quyết Định Thành Lập,211
595,"Viện Đào tạo Quốc tế
 Trường Đại học Quốc gia Thành phố Hồ Chí Minh
","29, đường Nguyễn Khắc Nhu, Phường Cô Giang Quận 1 Thành Phố Hồ Chí Minh",None,None,None,None,0,Đang hoạt động,None,None,Ngoài nhà trường,Quyết Định Thành Lập,212
596,"Công ty Cổ phần Dịch vụ và Tư vấn Giáo dục Cọ vàng
","117/22 đường Nguyễn Hữu Cảnh, Phường 22 Quận Bình Thạnh Thành Phố Hồ Chí Minh",None,None,None,None,0,Đang hoạt động,None,None,Ngoài nhà trường,Quyết Định Thành Lập,308
597,"Công ty TNHH Tư vấn Du học Phi English Việt Nam
","Tầng 5, tòa nhà The Galleria, số 258 đường Nam Kỳ Khởi Nghĩa, Phường 8 Quận 3 Thành Phố Hồ Chí Minh",None,None,None,None,0,Đang hoạt động,None,None,Ngoài nhà trường,Quyết Định Thành Lập,915
598,"Công ty TNHH Tư vấn du học Stella
","292/8 đường CMT8, Phường 10 Quận 3 Thành Phố Hồ Chí Minh",None,None,None,None,0,Đang hoạt động,None,None,Ngoài nhà trường,Quyết Định Thành Lập,878
599,"Công ty TNHH Acura
","Phòng 202, lầu 2, tòa nhà Cienco 585, số 88-88A, đường D2, Phường 25 Quận Bình Thạnh Thành Phố Hồ Chí Minh","info@acuravietnam.vn
",None,None,None,0,Đang hoạt động,None,None,Ngoài nhà trường,Quyết Định Thành Lập,916
600,"Công ty Cổ phần du học di trú Quốc tế Vicky
","34 đường Ngô Quang Huy, Phường Thảo Điền Quận 2 Thành Phố Hồ Chí Minh",None,None,None,None,0,Đang hoạt động,None,None,Ngoài nhà trường,Quyết Định Thành Lập,201
601,"Công ty TNHH Blue Galaxy Group
","171 Võ Thị Sáu, Phường 7 Quận 3 Thành Phố Hồ Chí Minh",None,None,None,None,0,Đang hoạt động,None,None,Ngoài nhà trường,Quyết Định Thành Lập,524
602,"Công ty TNHH Một thành viên Thương mại và hợp tác Giáo dục Mỹ Việt 
","31C đường Lý Tự Trọng, Phường Bến Nghé Quận 1 Thành Phố Hồ Chí Minh",None,None,None,None,0,Đang hoạt động,None,None,Ngoài nhà trường,Quyết Định Thành Lập,525
603,"Công ty Cổ phần Kết nối Văn hóa Việt
","151, đường Võ Thị Sáu, Phường 6 Quận 3 Thành Phố Hồ Chí Minh",None,None,None,None,0,Đang hoạt động,None,None,Ngoài nhà trường,Quyết Định Thành Lập,"4420/GDĐT-TC
"
604,"Công ty TNHH Đầu tư và Tư vấn Giáo dục Quốc tế Đai Dương
","37, đường Nguyễn Chí Thanh, Phường 9 Quận 5 Thành Phố Hồ Chí Minh",None,None,None,None,0,Đang hoạt động,None,None,Ngoài nhà trường,Quyết Định Thành Lập,"914/GDĐT-TC
"
605,"Công ty Cổ phần Du học IMM
","135A, đường Pasteur, Phường 6 Quận 3 Thành Phố Hồ Chí Minh",None,None,None,"ông Trần Hữu Tuấn
",0,Đang hoạt động,None,None,Ngoài nhà trường,Quyết Định Thành Lập,"1345/GDĐT-TC
"
606,"Công ty Cổ phần Đầu tư Sài Gòn Giá Trị
","31-33, đường Hoàng Sa, Phường Đa Kao Quận 1 Thành Phố Hồ Chí Minh",None,None,None,"ông Trần Lê Linh Vũ
",0,Đang hoạt động,None,None,Ngoài nhà trường,Quyết Định Thành Lập,"1278/GDĐT-TC
"
607,"Công ty TNHH Đào tạo ngoại ngữ Duy Tân
","3D, đường Trần Phú, Phường 4 Quận 5 Thành Phố Hồ Chí Minh",None,None,None,"bà Trần Hữu Yến Ngọc
",0,Đang hoạt động,None,None,Ngoài nhà trường,Quyết Định Thành Lập,"1344/GDĐT-TC
"
608,"Công ty TNHH Tư vấn và Phát triển HNH
","101, đường Trần Hưng Đạo, Phường Cầu Ông Lãnh Quận 1 Thành Phố Hồ Chí Minh",None,None,None,"bà Nguyễn Thị Hồng Hạnh
",0,Đang hoạt động,None,None,Ngoài nhà trường,Quyết Định Thành Lập,"1423/GDĐT-TC
"
609,"Công ty TNHH Một thành viên Hừng Đông Xanh
","378/30, đường An Dương Vương, Phường 4 Quận 5 Thành Phố Hồ Chí Minh",None,None,None,"bà Lê Nguyễn Ngọc Thanh
",0,Đang hoạt động,None,None,Ngoài nhà trường,Quyết Định Thành Lập,"1600/GDĐT-TC
"
610,"Công ty TNHH Tư vấn và Giáo dục CEC
","tầng 1 tòa nhà Alpha Tower, số 151-153, đường Nguyễn Đình Chiểu, Phường 6 Quận 3 Thành Phố Hồ Chí Minh",None,None,None,"bà Trương Vũ Trinh Thy
",0,Đang hoạt động,None,None,Ngoài nhà trường,Quyết Định Thành Lập,"1602/GDĐT-TC
"
611,"Công ty TNHH Giáo dục và Tư vấn EPA
","Phòng 2.07, tầng 2, khu 1, Cao ốc The Prince, số 17-19-21, đường Nguyễn Văn Trỗi, Phường 12 Quận Phú Nhuận Thành Phố Hồ Chí Minh",None,None,None,"bà Nguyễn Thị Nha Trang
",0,Đang hoạt động,None,None,Ngoài nhà trường,Quyết Định Thành Lập,"1599/GDĐT-TC
"
612,"Công ty TNHH Nhật ngữ Tera koya
","42 Nguyễn Phi Khanh, Phường Tân Định Quận 1 Thành Phố Hồ Chí Minh",None,None,None,"bà Nguyễn Lê Anh Trâm
",0,Đang hoạt động,None,None,Ngoài nhà trường,Quyết Định Thành Lập,"1601/GDĐT-TC
"
613,"Công ty TNHH Tư vấn Đồng Thịnh
","16/2, đường Trần Thiện Chánh, Phường 12 Quận 10 Thành Phố Hồ Chí Minh",None,None,None,"ông Nguyễn Ngọc Tuấn
",0,Đang hoạt động,None,None,Ngoài nhà trường,Quyết Định Thành Lập,"1699/GDĐT-TC
"
614,"Công ty Language Link Việt Nam
","phòng 102-03, tầng 1, cao ốc Saigon Trade Center, số 37, đường Tôn Đức Đức Thắng, Phường Bến Nghé Quận 1 Thành Phố Hồ Chí Minh",None,None,None,"ông GAVAN IACONO
",0,Đang hoạt động,None,None,Ngoài nhà trường,Quyết Định Thành Lập,"1700/GDĐT-TC
"
615,"Công ty TNHH Hỗ trợ Du học Việt Nhật
","13A, đường Nguyễn Hiến Lê, Phường 13 Quận Tân Bình Thành Phố Hồ Chí Minh",None,None,None,"bà Nguyễn Thị Hải Yến
",0,Đang hoạt động,None,None,Ngoài nhà trường,Quyết Định Thành Lập,"1521/GDĐT-TC
"
616,"Công ty Trách nhiệm hữu hạn Dịch vụ Thương mại Tư vấn Nguồn Sáng Mới
","1C, đường 359, phường Phước Long B Quận 9 Thành Phố Hồ Chí Minh",None,None,None,"bà Tô Nữ Bảo Trân
",0,Đang hoạt động,None,None,Ngoài nhà trường,Quyết Định Thành Lập,"1747/GDĐT-TC
"
617,"Công ty Trách nhiệm hữu hạn Tài năng Giáo dục Toàn Cầu
","16A1, đường Vũ Ngọc Phan, Phường 13 Quận Bình Thạnh Thành Phố Hồ Chí Minh",None,None,None,"ông Lê Nguyễn Khánh Dũng
",0,Đang hoạt động,None,None,Ngoài nhà trường,Quyết Định Thành Lập,"1746/GDĐT-TC
"
618,"Công ty Cổ phần Dịch vụ Đào tạo và Tư vấn Du học
","284-286 Hoàng Văn Thụ, Phường 4 Quận Tân Bình Thành Phố Hồ Chí Minh",None,None,None,"ông Trần Tam Anh
",0,Đang hoạt động,None,None,Ngoài nhà trường,Quyết Định Thành Lập,"1745/GDĐT-TC
"
619,"Công ty TNHH Agent Hai
","166, đường Nguyễn Công Trứ, Phường Nguyễn Thái Bình Quận 1 Thành Phố Hồ Chí Minh",None,None,None,None,0,Đang hoạt động,None,None,Ngoài nhà trường,Quyết Định Thành Lập,"1814/GDĐT-TC
"
620,"Viện Đào tạo và HTQT thuộc Trường ĐH GTVT TPHCM
","2, đường Võ Oanh, Phường 25 Quận Bình Thạnh Thành Phố Hồ Chí Minh",None,None,None,None,0,Đang hoạt động,None,None,Ngoài nhà trường,Quyết Định Thành Lập,"2471/GDĐT-TC
"
621,"Chi nhánh TPHCM-Công ty Cổ phần Jellyfish Education
","538, đường CMT8, Phường 11 Quận 3 Thành Phố Hồ Chí Minh",None,None,None,"bà Đào Thùy Dương
",0,Đang hoạt động,None,None,Ngoài nhà trường,Quyết Định Thành Lập,"2486/GDĐT-TC
"
622,"Công ty Cổ phần DVTM và Xuất khẩu lao động Trường Sơn
","30, đường Đặng Văn Ngữ, Phường 10 Quận Phú Nhuận Thành Phố Hồ Chí Minh",None,None,None,"bà Nguyễn Thị Hoa
",0,Đang hoạt động,None,None,Ngoài nhà trường,Quyết Định Thành Lập,"2630/GDĐT-TC
"
623,"Công ty TNHH Thương mại và Nguồn nhân lực Havico
","1146/39/31, đường Quang Trung, Phường 8 Quận Gò Vấp Thành Phố Hồ Chí Minh",None,None,None,"ông Nguyễn Xuân Hải
",0,Đang hoạt động,None,None,Ngoài nhà trường,Quyết Định Thành Lập,"2752/GDĐT-TC
"
624,"Công ty Cổ phần Hajime Nipon Việt Nam
","179, đường D1, Phường 25 Quận Bình Thạnh Thành Phố Hồ Chí Minh",None,None,None,"bà Trần Thị Mỹ Khánh
",0,Đang hoạt động,None,None,Ngoài nhà trường,Quyết Định Thành Lập,"2750/GDĐT-TC
"
625,"Công ty TNHH A-Star-Education Việt Nam
","Tầng 6, số 21, đường Lê Quý Đôn, Phường 6 Quận 3 Thành Phố Hồ Chí Minh",None,None,None,"ông Nguyễn Trung Kiên
",0,Đang hoạt động,None,None,Ngoài nhà trường,Quyết Định Thành Lập,"2751/GDĐT-TC
"
627,"Công ty Cổ phần Đầu tư Tân Đại Dương
","60, đường Đinh Công Tráng, Phường Tân Định Quận 1 Thành Phố Hồ Chí Minh",None,None,None,"ông Nguyễn Trung Kiên
",0,Đang hoạt động,None,None,Ngoài nhà trường,Quyết Định Thành Lập,"2886/GDĐT-TC
"
628,"Công ty Cổ phần Giáo dục Rigth Way
","14A, đường Sông Đà Quận Tân Bình Thành Phố Hồ Chí Minh",None,None,None,"bà Nguyễn Thị Thùy Dương
",0,Đang hoạt động,None,None,Ngoài nhà trường,Quyết Định Thành Lập,"2887/GDĐT-TC
"
629,"Công ty Trách nhiệm hữu hạn Phát triển nhân lực Hòa bình Toàn cầu HGP
","315/1C, đường Lê Văn Sỹ, Phường 13 Quận 3 Thành Phố Hồ Chí Minh",None,None,None,"Ông Hoàng Công Pháp
",0,Đang hoạt động,None,None,Ngoài nhà trường,Quyết Định Thành Lập,"2957/GDĐT-TC
"
630,"Công ty Trách nhiệm hữu hạn Tư vấn du học Focus
","38 đường 15C KDC Phong Phú 4, xã Phong Phú Huyện Bình Chánh Thành Phố Hồ Chí Minh",None,None,None,"ông Phùng Chí Toàn
",0,Đang hoạt động,None,None,Ngoài nhà trường,Quyết Định Thành Lập,"3072/GDĐT-TC
"
631,"Công ty Trách nhiệm hữu hạn Du học Quốc tế Anh Quốc
","Lầu 2, tòa nhà Alpha, số 151, đường Nguyễn Đình Chiểu, Phường 6 Quận 3 Thành Phố Hồ Chí Minh",None,None,None,"bà Phan Thị Ngọc Mai
",0,Đang hoạt động,None,None,Ngoài nhà trường,Quyết Định Thành Lập,"3137/GDĐT-TC
"
632,"Công ty Cổ phần ICO EURO-Chi nhánh Thành phố Hồ Chí Minh
","98, đường Phạm Văn Chiêu, Phường 9 Quận Gò Vấp Thành Phố Hồ Chí Minh",None,None,None,"ông Nguyễn Văn Bắc
",0,Đang hoạt động,None,None,Ngoài nhà trường,Quyết Định Thành Lập,"3147/GDĐT-TC
"
633,"Công ty Trách nhiệm hữu hạn Thương mại Dịch vụ Quốc tế Đài Việt
","728-730, đường Võ Văn Kiệt, Phường 1 Quận 5 Thành Phố Hồ Chí Minh",None,None,None,"bà Linh Lệ Minh
",0,Đang hoạt động,None,None,Ngoài nhà trường,Quyết Định Thành Lập,"3251 /GDĐT-TC
"
634,"Công ty Trách nhiệm hữu hạn H&H Capital
","67, đường Lê Lợi, Phường Bến Nghé Quận 1 Thành Phố Hồ Chí Minh",None,None,None,"ông Nguyễn Hoàng Hùng
",0,Đang hoạt động,None,None,Ngoài nhà trường,Quyết Định Thành Lập,"3228 /GDĐT-TC
"
635,"Công ty Cổ phần Edugo Việt Nam-Chi nhánh tại Thành phố Hồ Chí Minh 
","tầng 6, tòa nhà Lutaco, số 173A, đường Nguyễn Văn Trỗi, Phường 11 Quận Phú Nhuận Thành Phố Hồ Chí Minh",None,None,None,"bà Nguyễn Hồng Ngọc
",0,Đang hoạt động,None,None,Ngoài nhà trường,Quyết Định Thành Lập,"3338/GDĐT-TC
"
636,"Công ty TNHH Đầu tư và Giáo dục TOUMON 
","432/30  đường Tô Ký, Khu phố 5, phường Tân Chánh Hiệp Quận 12 Thành Phố Hồ Chí Minh",None,None,None,"bà Hoàng Thị Thanh Trúc
",0,Đang hoạt động,None,None,Ngoài nhà trường,Quyết Định Thành Lập,"3337/GDĐT-TC
"
637,"Công ty TNHH Young Kwang Group 
","61A, đường Quang Trung, phường Hiệp Phú Quận 9 Thành Phố Hồ Chí Minh",None,None,None,"ông EOM TAE EAK
",0,Đang hoạt động,None,None,Ngoài nhà trường,Quyết Định Thành Lập,"3464/GDĐT-TC
"
638,"Công ty Cổ phần Mevita Vietnam
","Tầng 1, Tòa nhà Rosana, số 60, đường Nguyễn Đình Chiểu, Phường Đa Kao Quận 1 Thành Phố Hồ Chí Minh",None,None,None,"bà Lê Thị Hải Yến
",0,Đang hoạt động,None,None,Ngoài nhà trường,Quyết Định Thành Lập,"3465/GDĐT-TC
"
639,"Công ty TNHH Tư vấn du học Long Phan
","38, đường số 10, khu dân cư Nam Long, phường Tân Thuận Đông Quận 7 Thành Phố Hồ Chí Minh",None,None,None,"ông Phan Tấn Long
",0,Đang hoạt động,None,None,Ngoài nhà trường,Quyết Định Thành Lập,"3553/GDĐT-TC
"
640,"Chi nhánh Hệ thống Giáo dục Quốc tế AKI Sài Gòn-Công ty Cổ phần Tư vấn Giáo dục và Đào tạo AKI 
","226/11, đường Nguyễn Thái Sơn, Phường 4 Quận Gò Vấp Thành Phố Hồ Chí Minh",None,None,None,"ông Đào Huy Hoàng
",0,Đang hoạt động,None,None,Ngoài nhà trường,Quyết Định Thành Lập,"3554/GDĐT-TC
"
641,"Công ty TNHH Yes Study 
","74C, đường Nguyễn Văn Cừ, phường Nguyễn Cư Trinh Quận 1 Thành Phố Hồ Chí Minh",None,None,None,"ông Khưu Đức Anh Huy
",0,Đang hoạt động,None,None,Ngoài nhà trường,Quyết Định Thành Lập,"3555/GDĐT-TC
"
642,"Chi nhánh Công ty Cổ phần IBA - Việt Nam
","14/10, đường Ngô Tất Tố, Phường 19 Quận Bình Thạnh Thành Phố Hồ Chí Minh",None,None,None,"ông Phan Đình Thư
",0,Đang hoạt động,None,None,Ngoài nhà trường,Quyết Định Thành Lập,"3600/GDĐT-TC
"
643,"Chi nhánh Công ty TNHH Dịch vụ Nhật Anh
","104, đường Bàu Cát 2, Phường 12 Quận Tân Bình Thành Phố Hồ Chí Minh",None,None,None,"bà Nguyễn Thị Kim Anh
",0,Đang hoạt động,None,None,Ngoài nhà trường,Quyết Định Thành Lập,"3866/GDĐT-TC
"
644,"Công ty TNHH Quốc tế Han Star 
","259A, đường Nguyễn Văn Trỗi, Phường 10 Quận Phú Nhuận Thành Phố Hồ Chí Minh",None,None,None,"bà Võ Thị Kim Tho
",0,Đang hoạt động,None,None,Ngoài nhà trường,Quyết Định Thành Lập,"3893/GDĐT-TC
"
645,"Công ty TNHH Một thành viên Quốc tế Thanh Niên
","69, đường Trường Chinh, phường Tân Thới Nhất Quận 12 Thành Phố Hồ Chí Minh",None,None,None,"ông Lâm Hưng Thịnh
",0,Đang hoạt động,None,None,Ngoài nhà trường,Quyết Định Thành Lập,"3929/GDĐT-TC
"
646,"Công ty Cổ phần SEI JIN Việt Nam
"," 60 đường C18, Phường 12 Quận Tân Bình Thành Phố Hồ Chí Minh",None,None,None,"bà Phan Thị Kim Chi
",0,Đang hoạt động,None,None,Ngoài nhà trường,Quyết Định Thành Lập,"3967/GDĐT-TC
"
647,"Công ty TNHH DEOW VIETNAM
","107, đường Nguyễn Đình Chiểu, Phường 6 Quận 3 Thành Phố Hồ Chí Minh",None,None,None,"ông Vũ Tất Minh Uy
",0,Đang hoạt động,None,None,Ngoài nhà trường,Quyết Định Thành Lập,"3970/GDĐT-TC
"
648,"Công ty TNHH Xây dựng – Thương mại Du lịch Hồng Ngọc Hà
","268, đường Cô Bắc, Phường Cô Giang Quận 1 Thành Phố Hồ Chí Minh",None,None,None,"bà Phạm Thị Sơn
",0,Đang hoạt động,None,None,Ngoài nhà trường,Quyết Định Thành Lập,"3971/GDĐT-TC
"
649,"Công ty TNHH Máy và Thiết bị Công nghiệp Cơ Đạt
","46/15, đường Dương Văn Dương, Phường Tân Quý Quận Tân Phú Thành Phố Hồ Chí Minh",None,None,None,"ông Lê Văn Tâm
",0,Đang hoạt động,None,None,Ngoài nhà trường,Quyết Định Thành Lập,"3969/GDĐT-TC
"
650,"Công ty Cổ phần Giáo dục Toàn Cầu IEG
","81, đường Phan Kế Bính, phường Đa Kao Quận 1 Thành Phố Hồ Chí Minh",None,None,None,"bà Ngô Thị Thanh Hương
",0,Đang hoạt động,None,None,Ngoài nhà trường,Quyết Định Thành Lập,"3968/GDĐT-TC
"
652,"Công ty TNHH Tư vấn Du học Hoàng Anh
","202 Hoàng Văn Thụ, Phường 9 Quận Phú Nhuận Thành Phố Hồ Chí Minh",None,None,None,"bà Trần Thị Thuận
",0,Đang hoạt động,None,None,Ngoài nhà trường,Quyết Định Thành Lập,"3965/GDĐT-TC
"
653,"Công ty TNHH Phát triển Quốc tế DPI
","16, đường 232 Cao Lỗ, Phường 4 Quận 8 Thành Phố Hồ Chí Minh",None,None,None,"bà Phạm Thị Ngọc Hằng
",0,Đang hoạt động,None,None,Ngoài nhà trường,Quyết Định Thành Lập,"4008/GDĐT-TC
"
654,"Công ty TNHH One Terrace
","Tầng 3, Phòng 03.31, số 290 An Dương Vương, Phường 4 Quận 5 Thành Phố Hồ Chí Minh",None,None,None,"ông Tatsuya Ishinaka
",0,Đang hoạt động,None,None,Ngoài nhà trường,Quyết Định Thành Lập,"4041/GDĐT-TC
"
655,"Công ty TNHH Phát triển Giáo dục Nghề nghiệp và Hợp tác Quốc Tế
","138, đường Hà Huy Giáp, phường Thạnh Lộc Quận 12 Thành Phố Hồ Chí Minh",None,None,None,"ông Đặng Thế Long
",0,Đang hoạt động,None,None,Ngoài nhà trường,Quyết Định Thành Lập,"4059/GDĐT-TC
"
656,"Công ty Cổ phần Thương mại và Dịch vụ Quốc tế An Dương
","74 Lô M, đường Hoàng Quốc Việt, Khu dân cư Phú Mỹ, Phường Phú Mỹ Quận 7 Thành Phố Hồ Chí Minh",None,None,None,"ông Lê Thế Dương
",0,Đang hoạt động,None,None,Ngoài nhà trường,Quyết Định Thành Lập,"4084/GDĐT-TC
"
657,"Công ty TNHH Dịch thuật-Tư vấn Du học Kiên Khang
","33, đường Trần Xuân Hòa, Phường 7 Quận 5 Thành Phố Hồ Chí Minh",None,None,None,"bà Hứa Tú Hà
",0,Đang hoạt động,None,None,Ngoài nhà trường,Quyết Định Thành Lập,"4085/GDĐT-TC
"
658,"Công ty TNHH Tư vấn Mirai Việt Nam
","7/22, đường C1, Phường 13 Quận Tân Bình Thành Phố Hồ Chí Minh",None,None,None,"ông Nguyễn Tấn Phúc
",0,Đang hoạt động,None,None,Ngoài nhà trường,Quyết Định Thành Lập,"4099/GDĐT-TC
"
659,"Công ty Cổ phần Xúc tiến Thương mại và Truyền thông Đông Dương
","207, đường Võ Văn Tần, Phường 5 Quận 3 Thành Phố Hồ Chí Minh",None,None,None,"bà Nguyễn Thị Dương
",0,Đang hoạt động,None,None,Ngoài nhà trường,Quyết Định Thành Lập,"4086/GDĐT-TC
"
660,"Công ty Cổ phần Du học Daiichi Việt Nam
","192/4, đường Nguyễn Thái Bình, Phường 12 Quận Tân Bình Thành Phố Hồ Chí Minh",None,None,None,"bà Phạm Thị Thúy Kiều
",0,Đang hoạt động,None,None,Ngoài nhà trường,Quyết Định Thành Lập,"4183/GDĐT-TC
"
661,"Công ty TNHH Tư vấn du học và Thương mại Du Nhật
","Phòng 3.13 Tầng 3 Officetel Tòa nhà Garden Gate, số 8 đường Hoàng Minh Giám, Phường 9 Quận Phú Nhuận Thành Phố Hồ Chí Minh",None,None,None,"bà Hoàng Thanh Mai
",0,Đang hoạt động,None,None,Ngoài nhà trường,Quyết Định Thành Lập,"4204/GDĐT-TC
"
662,"Công ty Cổ phần Phát triển Nguồn nhân lực Hikari
","118/10, đường Phan Huy Ích, Phường 15 Quận Tân Bình Thành Phố Hồ Chí Minh",None,None,None,"bà Nguyễn Đinh Song Toàn
",0,Đang hoạt động,None,None,Ngoài nhà trường,Quyết Định Thành Lập,"4207/GDĐT-TC
"
663,"Công ty TNHH Newstar Global
","Tầng 3, số 6, đường Hồ Tùng Mậu, Phường Nguyễn Thái Bình Quận 1 Thành Phố Hồ Chí Minh",None,None,None,"bà Vũ Thị Mai Hương
",0,Đang hoạt động,None,None,Ngoài nhà trường,Quyết Định Thành Lập,"4206/GDĐT-TC
"
664,"Công ty TNHH Passage of Study
","10C, đường Trần Nhật Duật, Phường Tân Định Quận 1 Thành Phố Hồ Chí Minh",None,None,None,"bà Võ Thị Phương Oanh
",0,Đang hoạt động,None,None,Ngoài nhà trường,Quyết Định Thành Lập,"4205/GDĐT-TC
"
665,"Công ty Cổ phần Đào tạo Nhân lực Sanrin
","285/51, đường Cách Mạng Tháng Tám, Phường 12 Quận 10 Thành Phố Hồ Chí Minh",None,None,None,"ông Trần Nhân Trung
",0,Đang hoạt động,None,None,Ngoài nhà trường,Quyết Định Thành Lập,"4203/GDĐT-TC
"
666,"Công ty TNHH Tư vấn và Đầu tư Trần Quang
","4/5, đường Hậu Giang, Phường 4 Quận Tân Bình Thành Phố Hồ Chí Minh",None,None,None,"ông Trần Đức Tài
",0,Đang hoạt động,None,None,Ngoài nhà trường,Quyết Định Thành Lập,"4317/GDĐT-TC
"
667,"Công ty Cổ phần Giải pháp du học SCVN
","337/1A, đường Lê Văn Lương, Phường Tân Quy Quận 7 Thành Phố Hồ Chí Minh",None,None,None,"ông Nguyễn Phan Việt Thủy
",0,Đang hoạt động,None,None,Ngoài nhà trường,Quyết Định Thành Lập,"4265/GDĐT-TC
"
668,"Công ty Cổ phần Tập đoàn Việt Nam Hiếu Học
","113 đường Ba Tháng Hai, Phường 11 Quận 10 Thành Phố Hồ Chí Minh",None,None,None,"ông Trương Trần Dũng
",0,Đang hoạt động,None,None,Ngoài nhà trường,Quyết Định Thành Lập,"4267/GDĐT-TC
"
669,"Công ty TNHH Dịch vụ Đào tạo Mirai
","76, đường Nguyễn Xí, Phường 26 Quận Bình Thạnh Thành Phố Hồ Chí Minh",None,None,None,"bà Lê Thị Hồng Vinh
",0,Đang hoạt động,None,None,Ngoài nhà trường,Quyết Định Thành Lập,"4268/GDĐT-TC
"
670,"Công ty TNHH Một thành viên Việt La Bo
","780/14E, đường Sư Vạn Hạnh, Phường 12 Quận 10 Thành Phố Hồ Chí Minh",None,None,None,"ông Nguyễn Duy Cường
",0,Đang hoạt động,None,None,Ngoài nhà trường,Quyết Định Thành Lập,"4269/GDĐT-TC
"
671,"Công ty TNHH Một thành viên Hợp tác Giáo dục Nghề nghiệp Quốc Tế
","Phòng A5.6, tầng 5, số 138, đường Hà huy Giáp, Phường Thạnh Lộc Quận 12 Thành Phố Hồ Chí Minh",None,None,None,"bà Nguyễn Thị Kim Loan
",0,Đang hoạt động,None,None,Ngoài nhà trường,Quyết Định Thành Lập,"4266/GDĐT-TC
"
672,"Công ty Trách nhiệm hữu hạn Nacel Vietnam
","Văn phòng 08 lầu 23, Tòa nhà AB, số 76A đường Lê Lai, phường Bến Thành Quận 1 Thành Phố Hồ Chí Minh",None,None,None,"bà HA JIYOON
",0,Đang hoạt động,None,None,Ngoài nhà trường,Quyết Định Thành Lập,"4452/GDĐT-TC
"
673,"Công ty Trách nhiệm hữu hạn Taleed
","242 Nguyễn Thị Minh Khai, Phường 6 Quận 3 Thành Phố Hồ Chí Minh",None,None,None,"bà Đặng Nguyễn Phương Quỳnh
",0,Đang hoạt động,None,None,Ngoài nhà trường,Quyết Định Thành Lập,"4534/GDĐT-TC
"
674,"Công ty TNHH Nhân lực AKANE
","2A đường Tản Viên, Phường 2 Quận Tân Bình Thành Phố Hồ Chí Minh",None,None,None,"ông Nguyễn Trọng Nghĩa
",0,Đang hoạt động,None,None,Ngoài nhà trường,Quyết Định Thành Lập,"4594 /GDĐT-TC
"
675,"Công ty Trách nhiệm hữu hạn Tatosa
","31/18, đường Ung Văn Khiêm, Phường 25 Quận Bình Thạnh Thành Phố Hồ Chí Minh",None,None,None,"bà Sái Thị Mây
",0,Đang hoạt động,None,None,Ngoài nhà trường,Quyết Định Thành Lập,"3601/GDĐT-TC
"
676,"Công ty Trách nhiệm hữu hạn MTV I-Studylink
","157/5 đường Ba Tháng Hai, Phường 11 Quận 10 Thành Phố Hồ Chí Minh",None,None,None,"bà Phạm Thị Thanh Nhã
",0,Đang hoạt động,None,None,Ngoài nhà trường,Quyết Định Thành Lập,"4535/GDĐT-TC
"
677,"Công ty Cổ phần Tư vấn Phước Tài
","196/2/5C, đường Lê Thị Bạch Cát, Phường 11 Quận 11 Thành Phố Hồ Chí Minh",None,None,None,"bà Lê Trần  Mộng Dung
",0,Đang hoạt động,None,None,Ngoài nhà trường,Quyết Định Thành Lập,"4536/GDĐT-TC
"
678,"Công ty Trách nhiệm hữu hạn Linh Điền
","134/7, đường Lạc Long Quân, Phường 3 Quận 11 Thành Phố Hồ Chí Minh",None,None,None,"bà Dương Diễm Mai
",0,Đang hoạt động,None,None,Ngoài nhà trường,Quyết Định Thành Lập,"4536/GDĐT-TC
"
679,"Công ty Trách nhiệm hữu hạn New Enghland Elite Education Consulting
","Lầu 8 tòa nhà Alpha, số 151, đường Nguyễn Đình Chiểu, Phường 6 Quận 3 Thành Phố Hồ Chí Minh",None,None,None,"bà Đào Nhật Mai
",0,Đang hoạt động,None,None,Ngoài nhà trường,Quyết Định Thành Lập,"3584/GDĐT-TC
"
680,"Chi nhánh Công ty Cổ phần Gíao dục Nam Anh
","Tầng 2 khối văn phòng, số 181, đường Cao Thắng, Phường 12 Quận 10 Thành Phố Hồ Chí Minh",None,None,None,"bà Trần Thị Phú
",0,Đang hoạt động,None,None,Ngoài nhà trường,Quyết Định Thành Lập,"3603/GDĐT-TC
"
681,"Công ty TNHH Tư vấn du học Sakura-VT 
","122/27/39 đường Tôn Đản, Phường 10 Quận 4 Thành Phố Hồ Chí Minh",None,None,None,"ông Nguyễn Văn Sĩ
",0,Đang hoạt động,None,None,Ngoài nhà trường,Quyết Định Thành Lập,"4475/GDĐT-TC
"
682,"Công TNHH Giáo dục Việt My Group 
","15 đường số 1, phường Bình Trưng Tây Quận 2 Thành Phố Hồ Chí Minh",None,None,None,"bà Cao Thị Cẩm My
",0,Đang hoạt động,None,None,Ngoài nhà trường,Quyết Định Thành Lập,"287/GDĐT-TC
"
683,"Công ty TNHH Chấn Thanh – Arkki 
","25/7A đường Nguyễn Bỉnh Khiêm, phường Bến Nghé Quận 1 Thành Phố Hồ Chí Minh",None,None,None,"bà Nguyễn Huỳnh Thu Trúc
",0,Đang hoạt động,None,None,Ngoài nhà trường,Quyết Định Thành Lập,"326/GDĐT-TC
"
684,"Công ty Cổ phần Du học Việt - SSE
","156/2 đường Cộng Hòa, Phường 12 Quận Tân Bình Thành Phố Hồ Chí Minh",None,None,None,"bà Trương Thị Kim Phụng
",0,Đang hoạt động,None,None,Ngoài nhà trường,Quyết Định Thành Lập,"310/GDĐT-TC
"
685,"Công ty TNHH Tư vấn và Thương mại Blue Sea
","42 đường Nguyễn Bỉnh Khiêm, Phường Đa Kao Quận 1 Thành Phố Hồ Chí Minh",None,None,None,"bà Huỳnh Thị Trúc Phương
",0,Đang hoạt động,None,None,Ngoài nhà trường,Quyết Định Thành Lập,"311/GDĐT-TC
"
686,"Công ty TNHH Quốc tế Vĩ Nam 
","70-72 đường Nguyễn Văn Trỗi, Phường 8 Quận Phú Nhuận Thành Phố Hồ Chí Minh",None,None,None,"bà Lai Thảo Thanh Xuân
",0,Đang hoạt động,None,None,Ngoài nhà trường,Quyết Định Thành Lập,"312/GDĐT-TC
"
687,"Công ty TNHH Hoc đường Tia Sáng Quốc Tế
","P1-02, 57 khối văn phòng, khu 1 tầng 2, Tòa nhà Prince Residence, số 17-19-21 đường Nguyễn Văn Trỗi, Phường 12 Quận Phú Nhuận Thành Phố Hồ Chí Minh",None,None,None,"ông Nguyễn Đức Ngọc
",0,Đang hoạt động,None,None,Ngoài nhà trường,Quyết Định Thành Lập,"313 /GDĐT-TC
"
688,"Công ty TNHH Đào tạo và Thương mại Dịch vụ Minh Tú
","188/35 đường Lê Đình Cẩn, Khu phố 6, phường Tân Tạo Quận Bình Tân Thành Phố Hồ Chí Minh",None,None,None,"ông Hà Minh Tú
",0,Đang hoạt động,None,None,Ngoài nhà trường,Quyết Định Thành Lập,"314/GDĐT-TC
"
689,"Côngty TNHH SMJ
","89/2B đường Song Hành, KP4, Thị trấn Hóc Môn Huyện Hóc Môn Thành Phố Hồ Chí Minh",None,None,None,"ông Trần Thanh Sơn
",0,Đang hoạt động,None,None,Ngoài nhà trường,Quyết Định Thành Lập,"316/GDĐT-TC
"
690,"Công ty Cổ phần Đầu tư và Phát triển SHB 
","68 đường Nguyễn Huệ, Phường Bến Nghé Quận 1 Thành Phố Hồ Chí Minh",None,None,None,"bà Nguyễn Thị Huyền
",0,Đang hoạt động,None,None,Ngoài nhà trường,Quyết Định Thành Lập,"317/GDĐT-TC
"
691,"Công ty TNHH Đào tạo và Phát triển Nguồn nhân lực Quốc tế SUNNY
","488/20 đường Cộng Hòa, Phường 13 Quận Tân Bình Thành Phố Hồ Chí Minh",None,None,None,"ông Lê Trọng Tùng
",0,Đang hoạt động,None,None,Ngoài nhà trường,Quyết Định Thành Lập,"318/GDĐT-TC
"
692,"Công ty Trách nhiệm hữu hạn Dịch vụ tổng hợp Thanh Danh
","102 A-B-C đường Cống Quỳnh, Phường Phạm Ngũ Lão Quận 1 Thành Phố Hồ Chí Minh",None,None,None,"bà Nguyễn Thị Thanh Thảo
",0,Đang hoạt động,None,None,Ngoài nhà trường,Quyết Định Thành Lập,"319/GDĐT-TC
"
693,"Công ty TNHH Tư vấn Giáo dục Du học Hoàn Mỹ
","263 đường Hoàng Hoa Thám, Phường 13 Quận Tân Bình Thành Phố Hồ Chí Minh",None,None,None,"bà Trần Thị Dung
",0,Đang hoạt động,None,None,Ngoài nhà trường,Quyết Định Thành Lập,"296/GDĐT-TC
"
694,"Công ty TNHH Tư vấn du học Northern lights
","11/1D, đường Tô Ký, ấp Tam Đông 1, xã Thới Tam Thôn Huyện Hóc Môn Thành Phố Hồ Chí Minh",None,None,None,"bà Nguyễn Thị Thanh Hồng
",0,Đang hoạt động,None,None,Ngoài nhà trường,Quyết Định Thành Lập,"205/GDĐT-TC
"
695,"Công ty TNHH Minh An Group
","15 đường Thái Thuận, phường An Phú Quận 2 Thành Phố Hồ Chí Minh",None,None,None,"bà Nguyễn Thị Uyên Minh
",0,Đang hoạt động,None,None,Ngoài nhà trường,Quyết Định Thành Lập,"144 /GDĐT-TC
"
696,"Công ty TNHH Tư vấn du học ONEPLUS
","Tầng 3,số 382/17-19 đường Nguyễn Thị Minh Khai, Phường 5 Quận 3 Thành Phố Hồ Chí Minh",None,None,None,"bà Huỳnh Thị Thu Thủy
",0,Đang hoạt động,None,None,Ngoài nhà trường,Quyết Định Thành Lập,"124/GDĐT-TC
"
697,"Công ty TNHH Du học Quốc tế PDT
","14/12 đường Ngô Tất Tố, Phường 19 Quận Bình Thạnh Thành Phố Hồ Chí Minh",None,None,None,"ông Phan Đình Thư
",0,Đang hoạt động,None,None,Ngoài nhà trường,Quyết Định Thành Lập,"146/GDĐT-TC
"
698,"Công ty Cổ phần Đầu tư và Phát triển Giáo dục Quốc tế Bình Minh GV
","117, đường Lê Văn Thọ, Phường 8 Quận Gò Vấp Thành Phố Hồ Chí Minh",None,None,None,"bà Nguyễn Thị Thùy Trang
",0,Đang hoạt động,None,None,Ngoài nhà trường,Quyết Định Thành Lập,"114/GDĐT-TC
"
699,"Công ty TNHH Trí Tuệ Đất Việt 
","140/4 đường TL 41, phường Thạnh Lộc Quận 12 Thành Phố Hồ Chí Minh",None,None,None,"ông Mai Ngọc Vinh
",0,Đang hoạt động,None,None,Ngoài nhà trường,Quyết Định Thành Lập,"247/GDĐT-TC
"
700,"Công ty TNHH Du lịch -Thương mại Tân Đông Dương
","51 đường Trương Định, Phường 6 Quận 3 Thành Phố Hồ Chí Minh",None,None,None,"ông Phạm Hồng Lĩnh
",0,Đang hoạt động,None,None,Ngoài nhà trường,Quyết Định Thành Lập,"315/GDĐT-TC
"
701,"Công ty TNHH tư vấn NVT
","Tầng 33 tòa nhà Lim Tower, số 9-11 đường Tôn Đức Thắng, phường Bến Nghé Quận 1 Thành Phố Hồ Chí Minh",None,None,None,"bà Trần Phương Nga
",0,Đang hoạt động,None,None,Ngoài nhà trường,Quyết Định Thành Lập,"115/GDĐT-TC
"
702,"Công ty TNHH ABROADER
","238/2B đường Nguyễn Thị Minh Khai, Phường 6 Quận 3 Thành Phố Hồ Chí Minh",None,None,None,"bà Nguyễn Thị Mơ
",0,Đang hoạt động,None,None,Ngoài nhà trường,Quyết Định Thành Lập,"246/GDĐT-TC
"
703,"Công ty TNHH Giáo dục Gia Đình Việt Hàn
","371 đường Nguyễn Kiệm, Phường 3 Quận Gò Vấp Thành Phố Hồ Chí Minh",None,None,None,"bà Hoàng Minh Thư
",0,Đang hoạt động,None,None,Ngoài nhà trường,Quyết Định Thành Lập,"248/GDĐT-TC
"
704,"Công ty TNHH Phát triển Nguồn Nhân lực và Hợp tác Quốc tế Tân Sinh
","133/38/11 đường Cống Lở, Phường 15 Quận Tân Bình Thành Phố Hồ Chí Minh",None,None,None,"ông Trịnh Minh Phú
",0,Đang hoạt động,None,None,Ngoài nhà trường,Quyết Định Thành Lập,"206/GDĐT-TC
"
705,"Công ty TNHH Asahi Việt Nam MACHINERY
","242/117 đường Bà Hom, Phường 13 Quận 6 Thành Phố Hồ Chí Minh",None,None,None,"ông Trần Võ Hậu
",0,Đang hoạt động,None,None,Ngoài nhà trường,Quyết Định Thành Lập,"558/GDĐT-TC
"
706,"Công ty Cổ phần Seishin
","143/50/34/17 Liên khu 5-6, Phường Bình Hưng Hòa B Quận Bình Tân Thành Phố Hồ Chí Minh",None,None,None,"bà Lê thị Như Khương
",0,Đang hoạt động,None,None,Ngoài nhà trường,Quyết Định Thành Lập,"558/GDĐT-TC
"
707,"Công ty TNHH Innovation Factory
"," L2-12A.OT02 Tòa Landmark 2 Vinhomes Central Park, 720 Điện Biên Phủ, Phường 22 Quận Bình Thạnh Thành Phố Hồ Chí Minh",None,None,None,"Ông Ito Haruhiko
",0,Đang hoạt động,None,None,Ngoài nhà trường,Quyết Định Thành Lập,"759/GDĐT-TC
"
708,"Công ty TNHH Phát triển Dịch vụ Giáo dục Quốc tế Việt Nhật Anh Tài
","2A đường số 2, khu phố 27, phường Bình Hưng Hòa A Quận Bình Tân Thành Phố Hồ Chí Minh",None,None,None,"ông Lê Văn Tài
",0,Đang hoạt động,None,None,Ngoài nhà trường,Quyết Định Thành Lập,"587/GDĐT-TC
"
709,"Công ty TNHH Thương mại Tư vấn và Dịch vụ TAKEDA
","240/37/2 Nguyễn Văn Luông, Phường 11 Quận 6 Thành Phố Hồ Chí Minh",None,None,None,"Ông Dương Hoàng Sơn
",0,Đang hoạt động,None,None,Ngoài nhà trường,Quyết Định Thành Lập,"631/GDĐT-TC
"
710,"Công ty TNHH Tư vấn Campbell
","A1-20OT11, Officetel, tầng 20, tòa A1 Vinhomes Golden River, số 02 đường Tôn Đức Thắng, phường Bến Nghé Quận 1 Thành Phố Hồ Chí Minh",None,None,None,"Ông Huỳnh Dương Quang
",0,Đang hoạt động,None,None,Ngoài nhà trường,Quyết Định Thành Lập,"616/GDĐT-TC
"
711,"Công ty TNHH Đầu tư Giáo dục Du học – Du lịch Á Châu
","330 đường Trường Chinh, Phường 13 Quận Tân Bình Thành Phố Hồ Chí Minh",None,None,None,"bà Phan Thị Tú Vân
",0,Đang hoạt động,None,None,Ngoài nhà trường,Quyết Định Thành Lập,"615/GDĐT-TC
"
712,"Công ty Cổ phần Đầu tư Giáo dục Quốc tế AKIRA
","Lầu 1, Văn phòng Bộ GD-ĐT phía Nam, số 3 Công Trường Quốc Tế, Phường 6 Quận 3 Thành Phố Hồ Chí Minh",None,None,None,"Ông Lê Văn Hải
",0,Đang hoạt động,None,None,Ngoài nhà trường,Quyết Định Thành Lập,"630/GDĐT-TC
"
713,"Công ty TNHH Giáo dục KENTON
","31A đường Hồ Biểu Chánh, Phường 12 Quận Phú Nhuận Thành Phố Hồ Chí Minh",None,None,None,"Bà Phí Thị Lan 
",0,Đang hoạt động,None,None,Ngoài nhà trường,Quyết Định Thành Lập,"758/GDĐT-TC
"
714,"NULLCông ty TNHH Tư vấn Giáo dục Hướng Minh
","99 đường Nguyễn Thái Sơn, Phường 4 Quận Gò Vấp Thành Phố Hồ Chí Minh",None,None,None,"ông Nguyễn Hữu Nam
",0,Đang hoạt động,None,None,Ngoài nhà trường,Quyết Định Thành Lập,"763/GDĐT-TC
"
715,"Công ty TNHH Nhân lực Quốc tế V&J
",1358/31 đường Quang Trung Quận Gò Vấp Thành Phố Hồ Chí Minh,None,None,None,"Ông Lê Thanh Trung
",0,Đang hoạt động,None,None,Ngoài nhà trường,Quyết Định Thành Lập,"762/GDĐT-TC
"
716,"Công ty TNHH Tư vấn du học Nhật Bản Vầng Sáng
","296A QL22, tổ 6 ấp Đình, xã Tân Phú Trung Huyện Củ Chi Thành Phố Hồ Chí Minh",None,None,None,"bà Nguyễn Thị Thôn Nữ
",0,Đang hoạt động,None,None,Ngoài nhà trường,Quyết Định Thành Lập,"760/GDĐT-TC
"
717,"Công ty TNHH Tư vấn Du học DTS
","153 đường số 1, Phường Tân Phú Quận 7 Thành Phố Hồ Chí Minh",None,None,None,"ông Nguyễn Đức Hải
",0,Đang hoạt động,None,None,Ngoài nhà trường,Quyết Định Thành Lập,"764/GDĐT-TC
"
718,"Công ty TNHH Tư vấn Thương mại Dịch vụ Gia Đình Việt
","108/06 đường Đào Duy Anh, Phường 9 Quận Phú Nhuận Thành Phố Hồ Chí Minh",None,None,None,"ông Lê Hữu Danh
",0,Đang hoạt động,None,None,Ngoài nhà trường,Quyết Định Thành Lập,"761/GDĐT-TC
"
719,"Công ty TNHH OIC ASIA
","56 đường số 3, phường Tân Kiểng Quận 7 Thành Phố Hồ Chí Minh",None,None,None,"ông Trần Phú Anh Tuấn
",0,Đang hoạt động,None,None,Ngoài nhà trường,Quyết Định Thành Lập,"374/GDĐT-TC
"
720,"Công ty TNHH Tư vấn và Dịch thuật Bảo Phương
","80/16B đường Trần Quang Diệu, Phường 14 Quận 3 Thành Phố Hồ Chí Minh",None,None,None,"bà Nguyễn Thị Hồng Hoa
",0,Đang hoạt động,None,None,Ngoài nhà trường,Quyết Định Thành Lập,"805/GDĐT-TC
"
721,"Công ty TNHH TNT EDUCATION
","64/7I ấp Dân Thắng, xã Tân Sơn Nhì Huyện Hóc Môn Thành Phố Hồ Chí Minh",None,None,None,"bà Nguyễn Thị Ngọc Hiền
",0,Đang hoạt động,None,None,Ngoài nhà trường,Quyết Định Thành Lập,"804/GDĐT-TC
"
722,"Công ty TNHH Dịch vụ Tư vấn Giáo dục Thời Đại
","12 Nguyễn Văn Thủ, phường Đa Kao Quận 1 Thành Phố Hồ Chí Minh",None,None,None,"bà Đinh Thị Thảo
",0,Đang hoạt động,None,None,Ngoài nhà trường,Quyết Định Thành Lập,"927/GDĐT-TC
"
723,"Công ty TNHH Tư vấn và Đào tạo Thế Hệ Mới
","32B đường Trần Quang Khải, Phường Tân định Quận 1 Thành Phố Hồ Chí Minh",www.thm.vn ,None,None,"ông Trần Anh Tuấn
",0,Đang hoạt động,None,None,Ngoài nhà trường,Quyết Định Thành Lập,"928/GDĐT-TC
"
724,"Công ty TNHH Một thành viên WARASHIGE
","33/16 đường Lý Văn Phức, phường Tân Định Quận 1 Thành Phố Hồ Chí Minh",None,None,None,"bà Trần Thị Hồng Thuận
",0,Đang hoạt động,None,None,Ngoài nhà trường,Quyết Định Thành Lập,"926/GDĐT-TC
"
725,"Công ty TNHH Hai thành viên Tài năng Giáo dục Toàn Cầu
","16A1 Vũ Ngọc Phan, Phường 13 Quận Bình Thạnh Thành Phố Hồ Chí Minh",None,None,None,"ông Lê Nguyễn Khánh Dũng
",0,Đang hoạt động,None,None,Ngoài nhà trường,Quyết Định Thành Lập,"958/GDĐT-TC
"
81,"Công ty Trách nhiệm hữu hạn Giáo Dục
","Tầng 3, Tòa nhà Qunimex, số 28, đường Nguyễn Thị Diệu, Phường 6 Quận 3 Thành Phố Hồ Chí Minh",www.tec.edu.vn,None,None,"Phan Thị Hồng Phương
",1,Đang hoạt động,None,None,Ngoài nhà trường,Quyết Định Thành Lập,"4290
"
84,"Công ty Trách nhiệm hữu hạn Apax Franklin Academy
","lầu 6, số 198, đường Nguyễn Thị Minh Khai, Phường 6 Quận 1 Thành Phố Hồ Chí Minh",None,None,None,"Vũ My Lan
",1,Đang hoạt động,None,None,Ngoài nhà trường,Quyết Định Thành Lập,"209
"
86,"Công ty Trách nhiệm hữu hạn Tư vấn và giải pháp Giáo Dục Việt Đức
"," 33A, đường Nguyễn Kiệm, Phường 3 Quận Gò Vấp Thành Phố Hồ Chí Minh",www.tuvanvietduc.edu.vn,None,None,"Ngô Lệ Thủy
",1,Đang hoạt động,None,None,Ngoài nhà trường,Quyết Định Thành Lập,None
87,"Công ty Trách nhiệm hữu hạn Truyền thông và Giáo dục Quốc tế Edunet 
"," 475A, đường Điện Biên Phủ, Phường 25 Quận Bình Thạnh Thành Phố Hồ Chí Minh",None,None,None,"Nguyễn Quốc Anh
",1,Đang hoạt động,None,None,Ngoài nhà trường,Quyết Định Thành Lập,"82
"
88,"Công  ty TNHH MTV Thương mại và Hợp tác Giáo dục Mỹ Việt
","31C Lý Tự Trọng, phường Bến Nghé Quận 1 Thành Phố Hồ Chí Minh",None,None,None,"Nguyễn Thị Lệ Dung
",1,Đang hoạt động,None,None,Ngoài nhà trường,Quyết Định Thành Lập,"525
"
92,"Công ty Cổ phần Hợp Điểm
","27, Lê Quý Đôn, Phường 7 Quận 3 Thành Phố Hồ Chí Minh",www.vietnamhopdiem.edu.vn,None,None,"Trần Hữu Phúc Tiến
",1,Đang hoạt động,None,None,Ngoài nhà trường,Quyết Định Thành Lập,"310
"
94,"Công ty Cổ phần TMS Du Học
","Tầng 5, tòa nhà Phượng Long, số 506 Nguyễn Đình Chiểu, Phường 4 Quận 3 Thành Phố Hồ Chí Minh",None,None,None,"Trần Văn Nguyên Lý Sơn
",1,Đang hoạt động,None,None,Ngoài nhà trường,Quyết Định Thành Lập,"527
"
101,"Công ty Cổ phần Giáo dục Vietint
","111D, đường Lý Chính Thắng, Phường 7 Quận 3 Thành Phố Hồ Chí Minh",None,None,None,"Nguyễn Thị Hồng Điệp
",1,Đang hoạt động,None,None,Ngoài nhà trường,Quyết Định Thành Lập,"817
"
109,"Công ty Cổ phần Đào tạo và Đầu tư Giáo dục Minh Việt
","181, đường Lê Đức Thọ, Phường 17 Quận Gò Vấp Thành Phố Hồ Chí Minh",None,None,None,"Trần Quốc Trung
",1,Đang hoạt động,None,None,Ngoài nhà trường,Quyết Định Thành Lập,"2102/GDĐT-TC
"
111,"Công ty TNHH Tư vấn Giáo dục và Đào tạo Quốc tế Phương Anh
","tầng 4, Cao ốc Yoco, số 41, đường Nguyễn Thị Minh Khai, phường Bến Nghé Quận 1 Thành Phố Hồ Chí Minh",None,None,None,"Nguyễn Thị Diệu
",1,Đang hoạt động,None,None,Ngoài nhà trường,Quyết Định Thành Lập,"2413/GDĐT-TC
"
113,"Công ty Cổ phần ITM Thành phố Hồ Chí Minh
","48, Đường số 5, khu dân cư Him Lam, phường Tân Hưng Quận 7 Thành Phố Hồ Chí Minh",None,None,None,"Lưu Danh Tuyến
",1,Đang hoạt động,None,None,Ngoài nhà trường,Quyết Định Thành Lập,"2429/GDĐT-TC
"
